index,predicted,actual,error,bedroom,bathroom,LT,LB
0,0.0,319000000.0,1.0,2.0,1.0,97.0,36.0
2,0.0,1370000000.0,1.0,3.0,3.0,100.0,95.0
4,472914891.87194943,710000000.0,0.33392268750429654,2.0,1.0,72.0,50.0
5,390000001.5582394,235000000.0,0.6595744747159124,2.0,1.0,75.0,30.0
6,1303724164.3713634,1100000000.0,0.18520378579214855,3.0,2.0,98.0,120.0
7,0.0,2500000000.0,1.0,2.0,1.0,133.0,80.0
11,0.0,550000000.0,1.0,4.0,3.0,90.0,115.0
12,0.0,850000000.0,1.0,2.0,1.0,105.0,70.0
14,0.0,1290000000.0,1.0,4.0,3.0,99.0,105.0
15,0.0,1290000000.0,1.0,3.0,3.0,95.0,100.0
16,1190489825.2380502,1970000000.0,0.39569044404159887,3.0,2.0,133.0,80.0
18,390000001.5582394,166000000.0,1.3493975997484302,2.0,1.0,60.0,30.0
19,471621160.9989054,345000000.0,0.3670178579678418,2.0,1.0,74.0,50.0
20,1243546775.4612343,499000000.0,1.492077706335139,3.0,2.0,141.0,60.0
21,1286692039.2673829,500000000.0,1.5733840785347657,3.0,2.0,147.0,78.0
22,390000001.5198505,269000000.0,0.44981413204405385,2.0,1.0,60.0,36.0
23,463628736.1606723,335000000.0,0.38396637659902183,2.0,1.0,80.0,45.0
24,0.0,899000000.0,1.0,3.0,3.0,105.0,121.0
25,446380847.90482485,297000000.0,0.5029658178613632,2.0,1.0,75.0,45.0
26,1331000000.0003269,425000000.0,2.131764705883122,3.0,1.0,98.0,50.0
27,0.0,596000000.0,1.0,3.0,2.0,77.0,72.0
29,0.0,269000000.0,1.0,2.0,1.0,36.0,60.0
30,390000001.5198505,269000000.0,0.44981413204405385,2.0,1.0,60.0,36.0
31,1170391520.1758997,485000000.0,1.4131783921152572,3.0,2.0,86.0,58.0
32,0.0,600000000.0,1.0,2.0,1.0,140.0,90.0
33,470723026.0434806,690000000.0,0.31779271587901364,2.0,1.0,97.0,50.0
34,471934303.9564272,600000000.0,0.21344282673928797,2.0,1.0,105.0,50.0
37,390000001.5582394,270000000.0,0.4444444502157015,2.0,1.0,63.0,30.0
38,390000001.45908326,230000000.0,0.6956521802568837,2.0,1.0,66.0,36.0
40,444590549.4320508,1290000000.0,0.6553561632309683,4.0,3.0,99.0,105.0
43,454945399.6410953,380000000.0,0.19722473589761916,2.0,1.0,77.0,45.0
45,390000001.5582394,166000000.0,1.3493975997484302,2.0,1.0,60.0,30.0
46,390000001.45908326,285000000.0,0.36842105775116935,2.0,1.0,66.0,36.0
47,390000001.50442934,322000000.0,0.21118012889574328,2.0,1.0,74.0,36.0
49,390000001.5582394,270000000.0,0.4444444502157015,2.0,1.0,60.0,30.0
50,390000001.5582394,270000000.0,0.4444444502157015,2.0,1.0,60.0,30.0
53,390000004.0625867,575000000.0,0.3217391233694144,2.0,1.0,87.0,40.0
54,1323683085.0251455,800000000.0,0.6546038562814319,3.0,1.0,90.0,90.0
55,1303724164.3713634,1790000000.0,0.2716624780048249,3.0,2.0,137.0,120.0
57,468422930.25489503,398000000.0,0.17694203581631918,2.0,1.0,88.0,50.0
59,1329436298.3360817,800000000.0,0.6617953729201022,3.0,2.0,154.0,60.0
60,390000001.5582394,170000000.0,1.2941176562249377,2.0,1.0,60.0,30.0
61,1077891029.2222087,500000000.0,1.1557820584444174,3.0,1.0,107.0,70.0
62,1266543357.7992923,559000000.0,1.2657305148466769,3.0,2.0,101.0,55.0
63,472336024.9818228,345000000.0,0.3690899274835443,2.0,1.0,106.0,47.0
66,470666877.8943938,399000000.0,0.17961623532429524,2.0,1.0,83.0,45.0
68,0.0,320000000.0,1.0,2.0,1.0,66.0,50.0
69,1286692039.2673829,500000000.0,1.5733840785347657,3.0,2.0,147.0,65.0
71,1286692039.2673829,500000000.0,1.5733840785347657,3.0,2.0,147.0,78.0
72,471130443.2953492,650000000.0,0.2751839333917705,2.0,1.0,97.0,65.0
73,1177037849.5771656,425000000.0,1.7695008225345072,3.0,2.0,100.0,60.0
74,1331000000.0007513,549000000.0,1.4244080145733173,3.0,1.0,83.0,52.0
76,1161982669.258726,550000000.0,1.1126957622885925,3.0,2.0,97.0,75.0
77,1077891029.2222087,500000000.0,1.1557820584444174,3.0,1.0,107.0,70.0
79,466351916.4937468,365000000.0,0.27767648354451185,2.0,1.0,81.0,45.0
83,1323683085.0251455,625000000.0,1.1178929360402328,3.0,1.0,90.0,60.0
84,467341079.53384835,400000000.0,0.16835269883462087,2.0,1.0,90.0,50.0
87,390000001.44450283,265000000.0,0.47169811865850125,2.0,1.0,71.0,36.0
89,463628736.1606723,335000000.0,0.38396637659902183,2.0,1.0,80.0,45.0
90,1148745799.4280176,585000000.0,0.9636680332102865,3.0,2.0,126.0,75.0
91,1148745799.4280176,250000000.0,3.5949831977120703,2.0,1.0,97.0,36.0
92,466351916.4937468,365000000.0,0.27767648354451185,2.0,1.0,81.0,45.0
93,1204714112.8125198,685000000.0,0.7587067340328756,3.0,2.0,95.0,65.0
94,0.0,410000000.0,1.0,2.0,1.0,42.0,80.0
97,390000001.5582394,170000000.0,1.2941176562249377,2.0,1.0,60.0,30.0
99,0.0,950000000.0,1.0,3.0,2.0,80.0,70.0
103,470854363.49363434,375000000.0,0.2556116359830249,2.0,1.0,79.0,48.0
105,472991215.38306934,1290000000.0,0.6333401431138997,4.0,3.0,99.0,105.0
106,472991215.38306934,1290000000.0,0.6333401431138997,4.0,3.0,99.0,105.0
107,471934303.9564272,390000000.0,0.2100879588626339,2.0,1.0,105.0,48.0
108,458269949.26242065,580000000.0,0.20987939782341267,2.0,1.0,78.0,45.0
109,471934303.9564272,390000000.0,0.2100879588626339,2.0,1.0,105.0,48.0
110,458269949.26242065,580000000.0,0.20987939782341267,2.0,1.0,78.0,45.0
111,390000001.48691815,270000000.0,0.4444444499515487,2.0,1.0,63.0,36.0
112,458269949.26242065,580000000.0,0.20987939782341267,2.0,1.0,78.0,45.0
113,470666877.8943938,390000000.0,0.20683814844716358,2.0,1.0,90.0,45.0
114,0.0,900000000.0,1.0,3.0,3.0,104.0,50.0
115,463628736.1606723,597000000.0,0.22340245199217368,2.0,1.0,80.0,45.0
117,1251840694.8237429,550000000.0,1.2760739905886234,3.0,1.0,93.0,60.0
119,0.0,385000000.0,1.0,2.0,1.0,137.0,75.0
120,1177037849.5771656,520000000.0,1.2635343261099339,3.0,2.0,126.0,60.0
121,458269949.26242065,597000000.0,0.2323786444515567,2.0,1.0,78.0,45.0
122,1105620825.5418139,956000000.0,0.1565071396880898,3.0,2.0,118.0,69.0
123,1330799544.7469308,500000000.0,1.6615990894938617,3.0,2.0,88.0,55.0
124,0.0,1200000000.0,1.0,3.0,3.0,112.0,112.0
125,470666877.8943938,390000000.0,0.20683814844716358,2.0,1.0,91.0,45.0
126,0.0,390000000.0,1.0,2.0,1.0,45.0,90.0
127,0.0,389000000.0,1.0,2.0,1.0,45.0,90.0
129,390000001.45908326,285000000.0,0.36842105775116935,2.0,1.0,66.0,36.0
130,1115982165.8070664,585000000.0,0.9076618218924213,3.0,2.0,120.0,75.0
131,390000001.45908326,466000000.0,0.16309012562428485,2.0,1.0,66.0,40.0
132,470666877.8943938,675000000.0,0.3027157364527499,2.0,1.0,94.0,60.0
133,470666877.8943938,295000000.0,0.5954809420148942,2.0,1.0,97.0,36.0
134,0.0,295000000.0,1.0,2.0,1.0,90.0,36.0
135,390000001.45091546,466000000.0,0.16309012564181233,2.0,1.0,67.0,40.0
136,0.0,885000000.0,1.0,3.0,3.0,103.0,118.0
137,1123146281.51124,650000000.0,0.7279173561711385,3.0,1.0,99.0,73.0
139,0.0,850000000.0,1.0,2.0,1.0,90.0,70.0
140,0.0,900000000.0,1.0,3.0,3.0,95.0,110.0
141,0.0,320000000.0,1.0,2.0,1.0,66.0,50.0
142,0.0,875000000.0,1.0,2.0,1.0,120.0,90.0
143,0.0,399000000.0,1.0,2.0,1.0,36.0,85.0
144,0.0,166000000.0,1.0,2.0,1.0,30.0,60.0
145,0.0,299000000.0,1.0,2.0,1.0,36.0,70.0
146,0.0,850000000.0,1.0,2.0,1.0,143.0,70.0
147,390000001.45908326,299000000.0,0.30434783096683365,2.0,1.0,66.0,36.0
151,0.0,395000000.0,1.0,3.0,2.0,70.0,76.0
152,390000001.5198505,285000000.0,0.3684210579643877,2.0,1.0,60.0,36.0
153,390000001.5198505,285000000.0,0.3684210579643877,2.0,1.0,60.0,36.0
154,461134978.4844871,375000000.0,0.22969327595863231,2.0,1.0,79.0,45.0
155,1149382325.9699256,590000000.0,0.9481056372371621,3.0,2.0,85.0,65.0
156,470522810.97704446,637000000.0,0.26134566565613115,3.0,2.0,78.0,55.0
157,470666877.8943938,399000000.0,0.17961623532429524,2.0,1.0,91.0,45.0
158,470522810.97704446,637000000.0,0.26134566565613115,3.0,2.0,78.0,55.0
160,470666877.8943938,390000000.0,0.20683814844716358,2.0,1.0,90.0,45.0
169,470725694.77372056,1290000000.0,0.6350963606405268,4.0,3.0,99.0,105.0
170,470666877.8943938,399000000.0,0.17961623532429524,2.0,1.0,86.0,45.0
171,470666877.8943938,1240000000.0,0.6204299371819405,4.0,3.0,99.0,105.0
172,463628736.1606723,395000000.0,0.17374363584980332,2.0,1.0,80.0,45.0
173,390000001.5582394,170000000.0,1.2941176562249377,2.0,1.0,60.0,30.0
174,1105019750.0814297,895000000.0,0.23465893863846896,3.0,2.0,100.0,70.0
176,1093135170.2880917,585000000.0,0.8686071286975926,3.0,2.0,103.0,70.0
177,1331000000.0007513,650000000.0,1.0476923076934634,3.0,1.0,86.0,86.0
178,1161982669.258726,665000000.0,0.7473423597875577,3.0,1.0,97.0,65.0
179,1161982669.258726,665000000.0,0.7473423597875577,3.0,1.0,97.0,65.0
180,0.0,745000000.0,1.0,2.0,2.0,67.0,40.0
181,1177037849.5771656,665000000.0,0.7699817286874671,3.0,1.0,97.0,60.0
183,470666877.8943938,399000000.0,0.17961623532429524,2.0,1.0,84.0,45.0
185,1323683085.0251455,625000000.0,1.1178929360402328,3.0,1.0,90.0,60.0
188,1331000000.0002415,960000000.0,0.3864583333335849,3.0,2.0,85.0,75.0
189,1204714112.8125198,550000000.0,1.1903892960227633,3.0,2.0,95.0,65.0
191,0.0,499000000.0,1.0,2.0,1.0,131.0,45.0
192,0.0,399000000.0,1.0,2.0,1.0,45.0,85.0
197,0.0,920000000.0,1.0,3.0,3.0,107.0,121.0
200,0.0,735000000.0,1.0,1.0,1.0,100.0,45.0
201,0.0,647000000.0,1.0,3.0,3.0,74.0,55.0
202,1148745799.4280176,580000000.0,0.9805962059103752,3.0,2.0,126.0,75.0
203,444590549.4320508,553000000.0,0.196038789453796,2.0,1.0,72.0,48.0
204,390000001.7048544,470000000.0,0.17021276233009697,2.0,1.0,80.0,40.0
205,390000001.7048544,470000000.0,0.17021276233009697,2.0,1.0,80.0,40.0
206,390000001.7048544,470000000.0,0.17021276233009697,2.0,1.0,80.0,40.0
207,390000001.7048544,487000000.0,0.1991786412631326,2.0,1.0,80.0,40.0
208,390000001.7048544,487000000.0,0.1991786412631326,2.0,1.0,80.0,40.0
209,390000001.7048544,470000000.0,0.17021276233009697,2.0,1.0,80.0,40.0
212,470980823.3354387,700000000.0,0.32717025237794467,2.0,2.0,90.0,54.0
213,446380847.90482485,297000000.0,0.5029658178613632,2.0,1.0,75.0,45.0
214,0.0,600000000.0,1.0,2.0,1.0,60.0,50.0
217,472336024.9818228,390000000.0,0.21111801277390457,2.0,1.0,106.0,48.0
218,0.0,389000000.0,1.0,2.0,1.0,45.0,91.0
219,1330799544.7469306,950000000.0,0.40084162604940066,3.0,2.0,88.0,90.0
220,470666877.8943938,389000000.0,0.2099405601398298,2.0,1.0,90.0,45.0
222,1331000000.0002415,550000000.0,1.4200000000004391,3.0,1.0,85.0,83.0
223,470664520.4667911,335000000.0,0.4049687178113167,2.0,1.0,82.0,46.0
224,1331000000.0005422,2500000000.0,0.46759999999978313,3.0,2.0,163.0,130.0
226,471463919.60693556,1180000000.0,0.6004543054178513,2.0,1.0,103.0,60.0
227,1331000000.0005422,2500000000.0,0.46759999999978313,3.0,2.0,163.0,130.0
228,0.0,970000000.0,1.0,4.0,2.0,147.0,100.0
229,470666877.8943938,399000000.0,0.17961623532429524,2.0,1.0,86.0,45.0
230,1286692039.2673829,500000000.0,1.5733840785347657,3.0,2.0,147.0,65.0
231,1330799544.7469306,450000000.0,1.9573323216598457,3.0,1.0,88.0,60.0
232,1177037849.5771656,488000000.0,1.4119628065105851,3.0,1.0,111.0,60.0
233,1177037849.5771656,899000000.0,0.3092745823995168,3.0,3.0,107.0,121.0
234,471100020.5871202,365000000.0,0.2906849879099183,2.0,1.0,100.0,45.0
235,446380847.90482485,365000000.0,0.22296122713650646,2.0,1.0,75.0,45.0
236,446380847.90482485,380000000.0,0.17468644185480225,2.0,1.0,45.0,91.0
237,470666877.8943938,390000000.0,0.20683814844716358,2.0,1.0,91.0,45.0
238,470666877.8943938,395000000.0,0.19156171618833873,2.0,1.0,90.0,45.0
239,468471348.692944,389000000.0,0.20429652620294084,2.0,1.0,91.0,48.0
240,1161982669.258726,650000000.0,0.7876656450134244,3.0,1.0,97.0,66.0
245,0.0,1590000000.0,1.0,3.0,3.0,154.0,118.0
246,0.0,1600000000.0,1.0,3.0,3.0,92.0,97.0
247,1329436298.3360817,800000000.0,0.6617953729201022,3.0,2.0,154.0,60.0
248,390000004.0625867,485000000.0,0.19587628028332635,2.0,1.0,87.0,40.0
250,470872529.5904237,685000000.0,0.31259484731325005,2.0,2.0,92.0,55.0
251,470666877.8943938,395000000.0,0.19156171618833873,2.0,1.0,91.0,45.0
252,457011562.513094,600000000.0,0.23831406247817666,2.0,1.0,85.0,42.0
256,1089257264.8586686,625000000.0,0.7428116237738697,3.0,2.0,104.0,70.0
257,390000001.5582394,170000000.0,1.2941176562249377,2.0,1.0,60.0,30.0
258,0.0,900000000.0,1.0,3.0,3.0,110.0,95.0
259,1307945993.4627202,950000000.0,0.3767852562765475,3.0,2.0,150.0,90.0
260,0.0,800000000.0,1.0,2.0,1.0,72.0,115.0
261,0.0,725000000.0,1.0,3.0,1.0,75.0,70.0
262,463628736.1606723,400000000.0,0.15907184040168076,2.0,1.0,80.0,45.0
264,1329436298.3360817,800000000.0,0.6617953729201022,3.0,2.0,154.0,60.0
265,390000001.5582394,235000000.0,0.6595744747159124,2.0,1.0,73.0,30.0
267,470723026.0434806,690000000.0,0.31779271587901364,2.0,1.0,97.0,50.0
269,469835700.7881397,750000000.0,0.37355239894914705,2.0,1.0,120.0,90.0
270,0.0,1600000000.0,1.0,3.0,3.0,100.0,97.0
271,390000001.45908326,299000000.0,0.30434783096683365,2.0,1.0,66.0,36.0
273,468471348.692944,395000000.0,0.18600341441251644,2.0,1.0,91.0,48.0
274,471350966.6276087,650000000.0,0.27484466672675584,2.0,1.0,96.0,42.0
276,1143103096.9645543,850000000.0,0.3448271728994757,3.0,2.0,125.0,65.0
277,471195497.53564024,690000000.0,0.31710797458602863,2.0,1.0,101.0,52.0
278,0.0,850000000.0,1.0,2.0,1.0,115.0,80.0
279,1328243453.9315434,765000000.0,0.7362659528516906,3.0,2.0,89.0,95.0
281,0.0,593000000.0,1.0,3.0,1.0,91.0,36.0
282,0.0,850000000.0,1.0,2.0,1.0,105.0,70.0
283,390000001.5582394,270000000.0,0.4444444502157015,2.0,1.0,60.0,30.0
284,1184272490.7991157,1000000000.0,0.18427249079911565,3.0,1.0,132.0,100.0
285,390000001.5582394,230000000.0,0.6956521806879974,2.0,1.0,60.0,30.0
286,390000001.5582394,270000000.0,0.4444444502157015,2.0,1.0,60.0,30.0
287,390000001.5582394,270000000.0,0.4444444502157015,2.0,1.0,60.0,30.0
288,0.0,495000000.0,1.0,2.0,1.0,72.0,72.0
290,1190489825.2380502,2100000000.0,0.43310008321997606,3.0,2.0,133.0,80.0
291,1271027378.7282524,2100000000.0,0.3947488672722608,3.0,2.0,128.0,115.0
292,1204714112.8125198,525000000.0,1.2946935482143234,3.0,1.0,95.0,60.0
293,0.0,690000000.0,1.0,3.0,2.0,73.0,112.0
294,390000001.8171387,650000000.0,0.39999999720440205,2.0,1.0,81.0,36.0
295,1329436298.3360817,800000000.0,0.6617953729201022,3.0,2.0,154.0,60.0
296,1177037849.5771656,975000000.0,0.20721830725863138,3.0,1.0,109.0,60.0
298,0.0,975000000.0,1.0,2.0,1.0,120.0,50.0
299,1331000000.0007513,700000000.0,0.9014285714296446,3.0,2.0,86.0,68.0
300,0.0,915000000.0,1.0,3.0,3.0,100.0,80.0
301,390000001.5198505,285000000.0,0.3684210579643877,2.0,1.0,60.0,36.0
302,0.0,1000000000.0,1.0,3.0,2.0,70.0,90.0
304,0.0,395000000.0,1.0,2.0,1.0,119.0,40.0
305,0.0,387000000.0,1.0,2.0,1.0,119.0,40.0
306,0.0,451000000.0,1.0,2.0,1.0,153.0,40.0
307,0.0,454000000.0,1.0,2.0,1.0,153.0,40.0
308,0.0,551000000.0,1.0,2.0,1.0,153.0,40.0
309,468971115.9036912,715000000.0,0.3440963413934389,2.0,1.0,92.0,55.0
310,470872529.5904237,715000000.0,0.34143702155185496,2.0,2.0,92.0,55.0
313,0.0,1930000000.0,1.0,3.0,3.0,120.0,130.0
314,0.0,1930000000.0,1.0,3.0,3.0,120.0,130.0
315,458269949.26242065,580000000.0,0.20987939782341267,2.0,1.0,78.0,45.0
316,458269949.26242065,580000000.0,0.20987939782341267,2.0,1.0,78.0,45.0
318,390000001.7048544,487000000.0,0.1991786412631326,2.0,1.0,80.0,40.0
322,0.0,1270000000.0,1.0,2.0,3.0,91.0,100.0
323,390000001.5198505,299000000.0,0.30434783117006853,2.0,1.0,60.0,36.0
324,1148745799.4280176,580000000.0,0.9805962059103752,3.0,2.0,126.0,75.0
325,390000001.7048544,484000000.0,0.19421487251063135,2.0,1.0,80.0,40.0
326,390000001.7048544,486000000.0,0.19753086068959994,2.0,1.0,80.0,40.0
327,390000001.7048544,487000000.0,0.1991786412631326,2.0,1.0,80.0,40.0
329,1301861437.8302224,1100000000.0,0.18351039802747487,3.0,2.0,91.0,100.0
330,470666877.8943938,390000000.0,0.20683814844716358,2.0,1.0,90.0,45.0
332,470666877.8943938,391000000.0,0.20375160586801483,2.0,1.0,45.0,90.0
333,470666877.8943938,388000000.0,0.21305896364534485,2.0,1.0,45.0,90.0
334,0.0,380000000.0,1.0,2.0,1.0,105.0,36.0
335,390000001.45908326,270000000.0,0.4444444498484565,2.0,1.0,66.0,36.0
337,0.0,875000000.0,1.0,3.0,3.0,105.0,120.0
338,0.0,750000000.0,1.0,2.0,1.0,107.0,107.0
339,468471348.692944,390000000.0,0.20120858639216407,2.0,1.0,90.0,48.0
340,468471348.692944,390000000.0,0.20120858639216407,2.0,1.0,45.0,91.0
341,0.0,1200000000.0,1.0,3.0,3.0,112.0,103.0
342,0.0,385000000.0,1.0,2.0,1.0,45.0,90.0
349,390000001.7048544,551000000.0,0.29219600416541847,2.0,1.0,153.0,40.0
351,470666877.8943938,395000000.0,0.19156171618833873,2.0,1.0,87.0,45.0
352,1331000000.0005422,2000000000.0,0.3344999999997289,3.0,2.0,157.0,125.0
354,390000001.7048544,487000000.0,0.1991786412631326,2.0,1.0,80.0,40.0
355,446380847.90482485,365000000.0,0.22296122713650646,2.0,1.0,75.0,45.0
356,390000001.7048544,487000000.0,0.1991786412631326,2.0,1.0,80.0,40.0
357,390000001.7048544,487000000.0,0.1991786412631326,2.0,1.0,80.0,40.0
358,390000001.7048544,487000000.0,0.1991786412631326,2.0,1.0,80.0,40.0
359,470666877.8943938,395000000.0,0.19156171618833873,2.0,1.0,91.0,45.0
360,0.0,900000000.0,1.0,3.0,3.0,117.0,110.0
362,390000001.5582394,210000000.0,0.8571428645630448,2.0,1.0,60.0,30.0
363,390000001.5582394,210000000.0,0.8571428645630448,2.0,1.0,60.0,30.0
365,470666877.8943938,390000000.0,0.20683814844716358,2.0,1.0,91.0,45.0
366,0.0,370000000.0,1.0,2.0,1.0,70.0,70.0
367,390000001.5582394,270000000.0,0.4444444502157015,2.0,1.0,63.0,30.0
369,1325668333.135924,669000000.0,0.9815670151508582,3.0,1.0,153.0,60.0
370,0.0,470000000.0,1.0,2.0,1.0,60.0,92.0
372,472336024.9818228,345000000.0,0.3690899274835443,2.0,1.0,106.0,47.0
374,0.0,650000000.0,1.0,2.0,1.0,116.0,65.0
375,454945399.6410953,380000000.0,0.19722473589761916,2.0,1.0,77.0,45.0
376,1266543357.7992923,510000000.0,1.4834183486260635,3.0,1.0,96.0,55.0
377,458269949.26242065,597000000.0,0.2323786444515567,2.0,1.0,78.0,45.0
379,470666877.8943938,379000000.0,0.24186511317782006,2.0,1.0,45.0,91.0
380,463628736.1606723,380000000.0,0.22007562147545343,2.0,1.0,80.0,45.0
381,1126617577.0608134,886000000.0,0.2715774007458391,3.0,2.0,122.0,69.0
382,390000001.5582394,235000000.0,0.6595744747159124,2.0,1.0,73.0,30.0
383,471621160.9989054,345000000.0,0.3670178579678418,2.0,1.0,74.0,50.0
384,471621160.9989054,899000000.0,0.47539359176984936,3.0,3.0,107.0,121.0
385,470666877.8943938,390000000.0,0.20683814844716358,2.0,1.0,91.0,45.0
386,470666877.8943938,385000000.0,0.2225113711542696,2.0,1.0,45.0,90.0
387,470666877.8943938,390000000.0,0.20683814844716358,2.0,1.0,90.0,45.0
388,390000001.45908326,285000000.0,0.36842105775116935,2.0,1.0,66.0,36.0
389,390000001.45908326,285000000.0,0.36842105775116935,2.0,1.0,66.0,36.0
390,0.0,490000000.0,1.0,2.0,1.0,113.0,80.0
391,470666877.8943938,750000000.0,0.37244416280747494,2.0,1.0,90.0,45.0
393,470666877.8943938,599000000.0,0.2142456128641172,2.0,1.0,90.0,60.0
394,390000001.461875,295000000.0,0.3220339032605933,2.0,1.0,72.0,36.0
395,876863812.3502595,445000000.0,0.9704804771915945,3.0,2.0,83.0,50.0
396,390000001.5582394,170000000.0,1.2941176562249377,2.0,1.0,60.0,30.0
397,0.0,1600000000.0,1.0,3.0,3.0,128.0,120.0
398,0.0,493000000.0,1.0,1.0,1.0,92.0,46.0
399,470666877.8943938,399000000.0,0.17961623532429524,2.0,1.0,83.0,45.0
400,1331000000.0003269,348000000.0,2.8247126436791,3.0,1.0,87.0,45.0
401,390000001.5297602,299000000.0,0.3043478312032113,2.0,1.0,75.0,40.0
403,1286692039.2673829,500000000.0,1.5733840785347657,3.0,2.0,147.0,65.0
404,390000001.5297602,299000000.0,0.3043478312032113,2.0,1.0,75.0,40.0
406,470666877.8943938,1290000000.0,0.635141955120625,4.0,3.0,99.0,105.0
407,1331000000.0003269,348000000.0,2.8247126436791,3.0,1.0,87.0,45.0
408,390000001.5297602,299000000.0,0.3043478312032113,2.0,1.0,75.0,40.0
410,1329436298.3360817,800000000.0,0.6617953729201022,3.0,2.0,154.0,60.0
411,1251840694.8237429,645000000.0,0.9408382865484386,3.0,1.0,93.0,60.0
412,876863812.3502595,445000000.0,0.9704804771915945,3.0,2.0,83.0,50.0
415,390000002.7325761,322000000.0,0.21118013270986358,2.0,1.0,85.0,36.0
416,390000001.48691815,265000000.0,0.47169811881855905,2.0,1.0,63.0,36.0
417,390000001.45908326,285000000.0,0.36842105775116935,2.0,1.0,66.0,36.0
418,0.0,515000000.0,1.0,2.0,1.0,108.0,40.0
419,1331000000.0003269,346000000.0,2.8468208092494995,3.0,1.0,86.0,45.0
420,0.0,379000000.0,1.0,2.0,1.0,103.0,40.0
421,390000001.5297602,275000000.0,0.41818182374458246,2.0,1.0,75.0,36.0
423,390000001.461875,299000000.0,0.30434783097617063,2.0,1.0,72.0,36.0
425,390000001.5582394,162000000.0,1.4074074170261692,2.0,1.0,60.0,30.0
426,390000001.5297602,299000000.0,0.3043478312032113,2.0,1.0,75.0,40.0
427,390000001.5297602,299000000.0,0.3043478312032113,2.0,1.0,75.0,40.0
429,390000001.5297602,321000000.0,0.21495327579364543,2.0,1.0,75.0,36.0
431,390000001.48691815,265000000.0,0.47169811881855905,2.0,1.0,63.0,36.0
433,390000001.5297602,299000000.0,0.3043478312032113,2.0,1.0,75.0,40.0
434,390000001.45908326,285000000.0,0.36842105775116935,2.0,1.0,66.0,36.0
436,390000001.45908326,285000000.0,0.36842105775116935,2.0,1.0,66.0,36.0
437,390000001.45908326,285000000.0,0.36842105775116935,2.0,1.0,66.0,36.0
438,390000001.45908326,285000000.0,0.36842105775116935,2.0,1.0,66.0,36.0
439,390000001.5582394,170000000.0,1.2941176562249377,2.0,1.0,60.0,30.0
440,390000001.461875,295000000.0,0.3220339032605933,2.0,1.0,72.0,36.0
444,390000001.45908326,285000000.0,0.36842105775116935,2.0,1.0,66.0,36.0
446,468931083.6021188,385000000.0,0.2180028145509579,2.0,1.0,87.0,48.0
447,390000001.5582394,162000000.0,1.4074074170261692,2.0,1.0,60.0,30.0
449,390000001.45908326,285000000.0,0.36842105775116935,2.0,1.0,66.0,36.0
450,1148745799.4280176,580000000.0,0.9805962059103752,3.0,2.0,126.0,72.0
452,0.0,2049999999.9999998,1.0,3.0,3.0,150.0,108.0
453,470666877.8943938,700000000.0,0.3276187458651517,2.0,1.0,94.0,45.0
454,0.0,600000000.0,1.0,2.0,1.0,84.0,84.0
455,390000001.98321795,650000000.0,0.39999999694889543,2.0,1.0,64.0,45.0
456,0.0,799000000.0,1.0,3.0,3.0,110.0,100.0
457,0.0,380000000.0,1.0,2.0,1.0,117.0,54.0
458,1123146281.51124,675000000.0,0.6639204170536889,3.0,2.0,99.0,75.0
459,0.0,800000000.0,1.0,3.0,2.0,80.0,85.0
462,470522810.97704446,600000000.0,0.21579531503825922,3.0,2.0,74.0,55.0
463,1127447251.050051,900000000.0,0.25271916783339,3.0,2.0,121.0,90.0
465,1105019750.0814297,425000000.0,1.6000464707798345,3.0,1.0,100.0,70.0
466,876863812.3502595,445000000.0,0.9704804771915945,3.0,2.0,83.0,50.0
468,470666877.8943938,399000000.0,0.17961623532429524,2.0,1.0,83.0,45.0
470,0.0,1290000000.0,1.0,4.0,3.0,105.0,99.0
471,470666877.8943938,400000000.0,0.1766671947359845,2.0,1.0,91.0,45.0
472,470666877.8943938,750000000.0,0.37244416280747494,2.0,1.0,90.0,45.0
474,1105620825.5418139,1700000000.0,0.3496348085048154,3.0,2.0,118.0,70.0
475,390000001.5582394,270000000.0,0.4444444502157015,2.0,1.0,60.0,30.0
476,1105620825.5418139,675000000.0,0.637956778580465,3.0,2.0,118.0,66.0
477,390000001.5582394,230000000.0,0.6956521806879974,2.0,1.0,60.0,30.0
479,1127447251.050051,850000000.0,0.3264085306471188,3.0,2.0,121.0,90.0
480,0.0,1300000000.0,1.0,4.0,2.0,112.0,112.0
482,390000001.5582394,550000000.0,0.29090908807592836,2.0,1.0,65.0,30.0
484,1290815369.7943943,920000000.0,0.4030601845591242,3.0,2.0,104.0,118.0
485,0.0,950000000.0,1.0,2.0,1.0,110.0,50.0
494,471350966.6276087,785000000.0,0.39955290875463856,2.0,2.0,76.0,52.0
495,471350966.6276087,910000000.0,0.4820319048048256,3.0,3.0,100.0,80.0
498,1301861437.8302224,285000000.0,3.5679348695797275,2.0,1.0,84.0,84.0
499,1190489825.2380502,2100000000.0,0.43310008321997606,3.0,2.0,133.0,80.0
500,1132040484.2362905,825000000.0,0.3721702839227763,3.0,2.0,123.0,75.0
501,0.0,1400000000.0,1.0,4.0,3.0,132.0,129.0
502,0.0,770000000.0,1.0,2.0,1.0,78.0,78.0
503,1177037849.5771656,800000000.0,0.471297311971457,3.0,2.0,101.0,60.0
506,0.0,480000000.0,1.0,2.0,2.0,150.0,120.0
507,0.0,335000000.0,1.0,2.0,1.0,80.0,80.0
508,454945399.6410953,300000000.0,0.5164846654703176,2.0,1.0,77.0,45.0
510,1331000000.0002415,990000000.0,0.3444444444446884,3.0,2.0,85.0,85.0
511,0.0,1000000000.0,1.0,4.0,2.0,124.0,124.0
512,0.0,700000000.0,1.0,2.0,2.0,155.0,90.0
514,1323683085.0251455,445000000.0,1.9745687303935855,3.0,1.0,90.0,65.0
515,0.0,840000000.0,1.0,3.0,3.0,109.0,100.0
517,0.0,700000000.0,1.0,3.0,1.0,79.0,75.0
518,1179549807.435158,2000000000.0,0.410225096282421,3.0,2.0,100.0,100.0
519,1179549807.435158,2000000000.0,0.410225096282421,3.0,2.0,100.0,100.0
521,390000005.65633136,260000000.0,0.5000000217551206,2.0,1.0,88.0,40.0
523,0.0,1850000000.0,1.0,4.0,2.0,112.0,100.0
524,0.0,499000000.0,1.0,2.0,2.0,127.0,90.0
525,390000001.4404071,520000000.0,0.24999999722998636,2.0,1.0,69.0,41.0
526,390000001.50442934,524000000.0,0.2557251879686463,2.0,1.0,74.0,36.0
527,0.0,950000000.0,1.0,3.0,3.0,80.0,81.0
528,0.0,675000000.0,1.0,3.0,3.0,81.0,56.0
529,1266543357.7992923,890000000.0,0.4230824244935869,3.0,1.0,125.0,55.0
530,1266543357.7992923,525000000.0,1.4124635386653188,2.0,1.0,105.0,36.0
531,1148745799.4280176,899000000.0,0.2778040038131453,3.0,2.0,126.0,69.0
532,470666877.8943938,690000000.0,0.31787409000812494,2.0,1.0,85.0,45.0
534,470666877.8943938,390000000.0,0.20683814844716358,2.0,1.0,91.0,45.0
538,390000001.44450283,295000000.0,0.3220339032017045,2.0,1.0,71.0,36.0
541,390000001.7048544,487000000.0,0.1991786412631326,2.0,1.0,80.0,40.0
542,390000001.45908326,285000000.0,0.36842105775116935,2.0,1.0,66.0,36.0
543,390000001.7048544,487000000.0,0.1991786412631326,2.0,1.0,80.0,40.0
544,1148745799.4280176,580000000.0,0.9805962059103752,3.0,2.0,126.0,75.0
545,470666877.8943938,680000000.0,0.30784282662589146,2.0,1.0,85.0,45.0
546,390000001.7048544,487000000.0,0.1991786412631326,2.0,1.0,80.0,40.0
547,470666877.8943938,400000000.0,0.1766671947359845,2.0,1.0,90.0,45.0
548,470666877.8943938,395000000.0,0.19156171618833873,2.0,1.0,45.0,90.0
549,471934303.9564272,395000000.0,0.19477038976310687,2.0,1.0,105.0,48.0
550,390000001.7048544,487000000.0,0.1991786412631326,2.0,1.0,80.0,40.0
551,471934303.9564272,390000000.0,0.2100879588626339,2.0,1.0,105.0,48.0
553,390000001.5582394,210000000.0,0.8571428645630448,2.0,1.0,60.0,30.0
554,390000001.5582394,320000000.0,0.21875000486949814,2.0,1.0,66.0,50.0
557,468422930.25489503,398000000.0,0.17694203581631918,2.0,1.0,88.0,50.0
558,0.0,950000000.0,1.0,4.0,2.0,152.0,120.0
559,1331000000.0003269,425000000.0,2.131764705883122,3.0,1.0,98.0,50.0
560,1123146281.51124,750000000.0,0.49752837534832,3.0,1.0,99.0,67.0
562,390000001.98321795,245000000.0,0.5918367427886447,1.0,1.0,60.0,30.0
564,0.0,1000000000.0,1.0,4.0,2.0,150.0,110.0
566,472336024.9818228,385000000.0,0.22684681813460464,2.0,1.0,106.0,48.0
567,1331000000.0003269,465000000.0,1.8623655913985524,3.0,1.0,95.0,45.0
568,1143103096.9645543,900000000.0,0.27011455218283814,3.0,1.0,125.0,63.0
569,470666877.8943938,399000000.0,0.17961623532429524,2.0,1.0,86.0,45.0
570,470666877.8943938,1290000000.0,0.635141955120625,4.0,3.0,105.0,99.0
573,0.0,900000000.0,1.0,3.0,3.0,100.0,90.0
574,0.0,485000000.0,1.0,3.0,2.0,61.0,80.0
575,1105019750.0814297,910000000.0,0.21430741767190079,3.0,2.0,100.0,80.0
576,0.0,1050000000.0,1.0,4.0,2.0,133.0,75.0
577,390000001.5582394,166000000.0,1.3493975997484302,2.0,1.0,60.0,30.0
578,390000001.5582394,899000000.0,0.5661846478773755,3.0,3.0,107.0,121.0
579,390000001.5582394,250000000.0,0.5600000062329576,2.0,1.0,60.0,30.0
581,390000002.3905386,1290000000.0,0.6976744167515205,4.0,3.0,99.0,105.0
582,390000001.7048544,750000000.0,0.47999999772686075,2.0,1.0,80.0,40.0
583,390000001.7048544,850000000.0,0.5411764685825242,2.0,1.0,143.0,70.0
584,390000001.7048544,800000000.0,0.512499997868932,3.0,1.0,75.0,70.0
585,470666877.8943938,395000000.0,0.19156171618833873,2.0,1.0,90.0,45.0
586,471100020.5871202,270000000.0,0.744814891063408,2.0,1.0,100.0,50.0
588,470666877.8943938,600000000.0,0.21555520350934365,2.0,1.0,85.0,60.0
589,1177037849.5771656,700000000.0,0.6814826422530937,3.0,2.0,130.0,60.0
590,0.0,750000000.0,1.0,2.0,1.0,111.0,80.0
591,0.0,602000000.0,1.0,2.0,1.0,119.0,46.0
592,1331000000.0007513,467000000.0,1.850107066382765,3.0,1.0,86.0,60.0
593,1330999999.9996688,480000000.0,1.7729166666659768,3.0,1.0,87.0,60.0
594,1329211401.2880201,450000000.0,1.953803113973378,3.0,2.0,145.0,125.0
595,390000001.4404071,212000000.0,0.8396226483038071,2.0,1.0,70.0,36.0
596,1331000000.0003269,348000000.0,2.8247126436791,3.0,1.0,87.0,45.0
598,461134978.4844871,1290000000.0,0.6425310244306301,4.0,3.0,99.0,105.0
599,471934303.9564272,650000000.0,0.27394722468241967,2.0,1.0,105.0,50.0
600,876863812.3502595,445000000.0,0.9704804771915945,3.0,2.0,83.0,50.0
601,0.0,390000000.0,1.0,2.0,1.0,48.0,106.0
602,390000001.5198505,330000000.0,0.18181818642378936,2.0,1.0,60.0,36.0
603,470666877.8943938,395000000.0,0.19156171618833873,2.0,1.0,87.0,45.0
604,470666877.8943938,850000000.0,0.4462742613007132,2.0,1.0,90.0,70.0
606,472336024.9818228,675000000.0,0.3002429259528551,2.0,1.0,106.0,60.0
609,390000001.5582394,1300000000.0,0.6999999988013542,4.0,3.0,99.0,105.0
610,1154464968.8223515,2000000000.0,0.42276751558882425,3.0,2.0,127.0,90.0
611,390000001.5582394,270000000.0,0.4444444502157015,2.0,1.0,60.0,30.0
612,1105620825.5418139,675000000.0,0.637956778580465,3.0,2.0,118.0,66.0
613,390000001.5582394,230000000.0,0.6956521806879974,2.0,1.0,60.0,30.0
614,0.0,1130000000.0,1.0,3.0,3.0,73.0,120.0
617,1177037849.5771656,665000000.0,0.7699817286874671,3.0,1.0,97.0,60.0
618,1148745799.4280176,675000000.0,0.7018456287822483,3.0,1.0,126.0,90.0
620,390000001.45908326,299000000.0,0.30434783096683365,2.0,1.0,66.0,36.0
621,474266479.0493322,650000000.0,0.27035926300102736,2.0,1.0,108.0,45.0
622,0.0,485000000.0,1.0,2.0,1.0,104.0,80.0
624,458269949.26242065,395000000.0,0.16017708674030545,2.0,1.0,78.0,45.0
625,0.0,449000000.0,1.0,3.0,1.0,78.0,60.0
627,0.0,1500000000.0,1.0,2.0,2.0,125.0,75.0
628,1177037849.5771656,665000000.0,0.7699817286874671,3.0,1.0,97.0,60.0
630,470666877.8943938,920000000.0,0.4884055675060937,3.0,3.0,107.0,121.0
632,1328243453.9315434,580000000.0,1.2900749205716264,3.0,1.0,89.0,60.0
633,0.0,575000000.0,1.0,2.0,2.0,86.0,36.0
634,471934303.9564272,856000000.0,0.4486748785555757,2.0,1.0,105.0,50.0
635,1328243453.9315434,1050000000.0,0.2649937656490889,3.0,2.0,89.0,70.0
636,472336024.9818228,675000000.0,0.3002429259528551,2.0,1.0,106.0,60.0
637,471158446.6880187,750000000.0,0.37178873774930843,2.0,2.0,150.0,51.0
638,470666877.8943938,593000000.0,0.20629531552378785,2.0,1.0,86.0,45.0
641,390000001.461875,299000000.0,0.30434783097617063,2.0,1.0,72.0,36.0
642,390000001.5198505,270000000.0,0.44444445007352035,2.0,1.0,60.0,36.0
643,390000001.5198505,270000000.0,0.44444445007352035,2.0,1.0,60.0,36.0
644,1148745799.4280176,580000000.0,0.9805962059103752,3.0,2.0,126.0,75.0
645,1148745799.4280176,920000000.0,0.2486367385087148,3.0,3.0,107.0,121.0
646,0.0,808000000.0,1.0,3.0,2.0,79.0,70.0
647,470659097.21607083,890000000.0,0.47116955368980806,2.0,2.0,96.0,60.0
650,458269949.26242065,550000000.0,0.16678191043196244,2.0,1.0,78.0,45.0
653,1329436298.3360817,800000000.0,0.6617953729201022,3.0,2.0,154.0,60.0
654,1329436298.3360817,800000000.0,0.6617953729201022,3.0,2.0,154.0,60.0
655,463628736.1606723,549000000.0,0.1555032128220905,2.0,1.0,80.0,45.0
656,463628736.1606723,320000000.0,0.448839800502101,2.0,1.0,66.0,50.0
657,458269949.26242065,550000000.0,0.16678191043196244,2.0,1.0,78.0,45.0
659,470666877.8943938,400000000.0,0.1766671947359845,2.0,1.0,87.0,45.0
660,470666877.8943938,1290000000.0,0.635141955120625,4.0,3.0,99.0,105.0
661,0.0,391000000.0,1.0,2.0,1.0,45.0,89.0
662,471934303.9564272,390000000.0,0.2100879588626339,2.0,1.0,105.0,48.0
663,471934303.9564272,390000000.0,0.2100879588626339,2.0,1.0,45.0,90.0
664,470666877.8943938,390000000.0,0.20683814844716358,2.0,1.0,90.0,45.0
665,471934303.9564272,390000000.0,0.2100879588626339,2.0,1.0,105.0,48.0
667,1286692039.2673829,500000000.0,1.5733840785347657,3.0,2.0,147.0,65.0
668,390000001.5582394,166000000.0,1.3493975997484302,2.0,1.0,60.0,30.0
669,471934303.9564272,400000000.0,0.17983575989106804,2.0,1.0,105.0,48.0
670,1266543357.7992923,510000000.0,1.4834183486260635,3.0,1.0,96.0,55.0
672,1148745799.4280176,580000000.0,0.9805962059103752,3.0,2.0,126.0,75.0
673,0.0,425000000.0,1.0,2.0,1.0,111.0,50.0
674,390000001.7048544,470000000.0,0.17021276233009697,2.0,1.0,80.0,40.0
675,470666877.8943938,399000000.0,0.17961623532429524,2.0,1.0,86.0,45.0
676,471934303.9564272,390000000.0,0.2100879588626339,2.0,1.0,105.0,48.0
677,471934303.9564272,391000000.0,0.2069931047478957,2.0,1.0,45.0,90.0
678,468471348.692944,700000000.0,0.3307552161529372,2.0,1.0,90.0,54.0
684,390000001.5582394,175000000.0,1.2285714374756538,2.0,1.0,60.0,30.0
685,470666877.8943938,390000000.0,0.20683814844716358,2.0,1.0,90.0,45.0
686,390000001.5582394,175000000.0,1.2285714374756538,2.0,1.0,60.0,30.0
688,471934303.9564272,390000000.0,0.2100879588626339,2.0,1.0,105.0,48.0
689,390000001.50828815,298000000.0,0.3087248372761347,2.0,1.0,61.0,40.0
690,390000001.55798477,250000000.0,0.5600000062319391,2.0,1.0,76.0,36.0
695,471463919.60693556,1290000000.0,0.634524093327957,4.0,3.0,99.0,105.0
696,471463919.60693556,700000000.0,0.32648011484723494,3.0,2.0,80.0,70.0
697,0.0,859000000.0,1.0,3.0,1.0,79.0,60.0
698,0.0,600000000.0,1.0,2.0,2.0,114.0,100.0
699,390000001.6155297,270000000.0,0.4444444504278878,2.0,1.0,60.0,28.0
700,463179022.103503,564000000.0,0.17876059910726422,2.0,1.0,74.0,48.0
701,1330999999.999866,360000000.0,2.69722222222185,3.0,1.0,82.0,60.0
703,1137535180.1721354,800000000.0,0.4219189752151692,3.0,2.0,124.0,90.0
704,0.0,650000000.0,1.0,2.0,2.0,153.0,75.0
707,1266543357.7992923,540000000.0,1.345450662591282,3.0,1.0,101.0,55.0
708,470522810.97704446,597000000.0,0.21185458797815,3.0,2.0,78.0,55.0
709,0.0,597000000.0,1.0,3.0,2.0,78.0,30.0
710,470522810.97704446,597000000.0,0.21185458797815,3.0,2.0,78.0,55.0
711,0.0,500000000.0,1.0,2.0,1.0,77.0,77.0
712,1177037849.5771656,565000000.0,1.0832528311100276,3.0,1.0,101.0,60.0
714,1330799544.7469306,950000000.0,0.40084162604940066,3.0,2.0,88.0,90.0
715,1331000000.0005422,2490000000.0,0.4654618473893405,3.0,2.0,163.0,130.0
717,470666877.8943938,389000000.0,0.2099405601398298,2.0,1.0,45.0,90.0
718,470666877.8943938,400000000.0,0.1766671947359845,2.0,1.0,91.0,45.0
719,472336024.9818228,390000000.0,0.21111801277390457,2.0,1.0,106.0,45.0
720,472336024.9818228,385000000.0,0.22684681813460464,2.0,1.0,45.0,90.0
721,470666877.8943938,390000000.0,0.20683814844716358,2.0,1.0,90.0,45.0
723,1168605349.0199594,600000000.0,0.9476755816999324,3.0,1.0,98.0,98.0
726,470504914.8013758,564000000.0,0.1657714276571351,3.0,2.0,74.0,48.0
727,470504914.8013758,564000000.0,0.1657714276571351,3.0,2.0,74.0,48.0
728,470666877.8943938,399000000.0,0.17961623532429524,2.0,1.0,83.0,45.0
729,470666877.8943938,399000000.0,0.17961623532429524,2.0,1.0,83.0,45.0
730,390000001.461875,299000000.0,0.30434783097617063,2.0,1.0,72.0,36.0
731,390000001.461875,299000000.0,0.30434783097617063,2.0,1.0,72.0,36.0
734,0.0,561000000.0,1.0,2.0,1.0,98.0,36.0
735,0.0,561000000.0,1.0,2.0,1.0,98.0,36.0
736,390000001.5582394,170000000.0,1.2941176562249377,2.0,1.0,60.0,30.0
737,390000001.5582394,170000000.0,1.2941176562249377,2.0,1.0,60.0,30.0
738,1331000000.0003269,348000000.0,2.8247126436791,3.0,1.0,87.0,45.0
739,1331000000.0003269,348000000.0,2.8247126436791,3.0,1.0,87.0,45.0
740,390000001.45091546,650000000.0,0.39999999776782236,2.0,1.0,67.0,40.0
741,471621160.9989054,325000000.0,0.4511420338427859,2.0,1.0,74.0,50.0
742,390000001.5198505,299000000.0,0.30434783117006853,2.0,1.0,60.0,36.0
743,390000001.5198505,299000000.0,0.30434783117006853,2.0,1.0,60.0,36.0
744,463628736.1606723,597000000.0,0.22340245199217368,2.0,1.0,80.0,45.0
745,463628736.1606723,597000000.0,0.22340245199217368,2.0,1.0,80.0,45.0
746,463628736.1606723,390000000.0,0.18879163118121103,2.0,1.0,119.0,40.0
747,463628736.1606723,387000000.0,0.1980070701826158,2.0,1.0,119.0,40.0
750,463628736.1606723,551000000.0,0.15856853691348038,2.0,1.0,153.0,40.0
751,454945399.6410953,380000000.0,0.19722473589761916,2.0,1.0,77.0,45.0
754,1331000000.0002415,471000000.0,1.8259023354569883,3.0,1.0,85.0,60.0
755,1330799544.7469306,469000000.0,1.8375256817631782,3.0,1.0,88.0,61.0
757,1216271185.8213582,260000000.0,3.677966099312916,2.0,1.0,78.0,78.0
758,1085706398.7486732,730000000.0,0.4872690393817441,3.0,1.0,114.0,80.0
759,390000001.4404071,275000000.0,0.41818182341966215,2.0,1.0,70.0,36.0
762,470666877.8943938,1290000000.0,0.635141955120625,4.0,3.0,99.0,105.0
763,1303724164.3713634,1950000000.0,0.33142350545058286,3.0,2.0,137.0,120.0
764,390000001.5198505,299000000.0,0.30434783117006853,2.0,1.0,60.0,36.0
765,1331000000.0007513,469000000.0,1.8379530916860367,3.0,1.0,86.0,60.0
769,1331000000.0002415,460000000.0,1.8934782608700902,3.0,1.0,85.0,60.0
770,0.0,580000000.0,1.0,2.0,1.0,42.0,85.0
771,0.0,435000000.0,1.0,2.0,1.0,91.0,40.0
772,0.0,750000000.0,1.0,2.0,2.0,121.0,90.0
774,390000001.461875,295000000.0,0.3220339032605933,2.0,1.0,72.0,36.0
777,390000001.45908326,299000000.0,0.30434783096683365,2.0,1.0,66.0,36.0
778,0.0,583000000.0,1.0,2.0,1.0,113.0,46.0
780,470622934.2024416,650000000.0,0.27596471661162836,2.0,1.0,96.0,48.0
781,0.0,485000000.0,1.0,3.0,2.0,63.0,80.0
783,1177037849.5771656,699000000.0,0.6838881968199794,3.0,2.0,102.0,60.0
784,471195497.53564024,695000000.0,0.3220208668551939,2.0,1.0,101.0,52.0
785,390000001.5582394,210000000.0,0.8571428645630448,2.0,1.0,60.0,30.0
787,1166139912.4452987,850000000.0,0.3719293087591749,3.0,2.0,129.0,85.0
788,1166139912.4452987,394000000.0,1.9597459706733469,2.0,1.0,48.0,106.0
789,876863812.3502595,445000000.0,0.9704804771915945,3.0,2.0,83.0,50.0
790,470666877.8943938,680000000.0,0.30784282662589146,2.0,1.0,85.0,45.0
791,1166139912.4452987,850000000.0,0.3719293087591749,3.0,2.0,129.0,85.0
792,1331000000.0003269,190000000.0,6.005263157896457,3.0,2.0,105.0,45.0
793,1079292097.0168297,450000000.0,1.3984268822596215,3.0,2.0,85.0,50.0
794,470512976.4860507,900000000.0,0.4772078039043881,2.0,2.0,92.0,66.0
795,454945399.6410953,395000000.0,0.15176050542049438,2.0,1.0,77.0,45.0
797,1238721140.3669376,765000000.0,0.619243320741095,3.0,1.0,96.0,110.0
798,390000001.5582394,270000000.0,0.4444444502157015,2.0,1.0,60.0,30.0
799,0.0,1100000000.0,1.0,2.0,1.0,121.0,100.0
800,390000001.5582394,300000000.0,0.30000000519413134,2.0,1.0,60.0,30.0
801,390000001.5582394,285000000.0,0.3684210580990856,2.0,1.0,90.0,36.0
802,390000001.5582394,1290000000.0,0.6976744173967135,4.0,3.0,99.0,105.0
803,390000001.5582394,270000000.0,0.4444444502157015,2.0,1.0,60.0,30.0
804,390000001.5582394,530000000.0,0.26415094045615206,3.0,2.0,80.0,70.0
805,390000001.45908326,300000000.0,0.30000000486361084,2.0,1.0,66.0,36.0
806,0.0,730000000.0,1.0,4.0,2.0,108.0,100.0
808,0.0,470000000.0,1.0,2.0,1.0,120.0,40.0
809,0.0,470000000.0,1.0,2.0,1.0,120.0,40.0
810,0.0,470000000.0,1.0,2.0,1.0,120.0,40.0
811,0.0,449000000.0,1.0,3.0,1.0,80.0,60.0
812,0.0,451000000.0,1.0,3.0,1.0,78.0,60.0
813,0.0,950000000.0,1.0,2.0,2.0,124.0,110.0
814,0.0,575000000.0,1.0,2.0,1.0,100.0,100.0
815,390000001.48183584,290000000.0,0.34482759131667534,2.0,1.0,73.0,40.0
816,0.0,1500000000.0,1.0,4.0,3.0,113.0,80.0
818,470925843.42346305,1300000000.0,0.6377493512127207,3.0,3.0,112.0,103.0
819,1081265334.576877,575000000.0,0.8804614514380472,3.0,1.0,110.0,80.0
820,1115982165.8070664,950000000.0,0.17471806927059624,3.0,1.0,120.0,70.0
821,0.0,580000000.0,1.0,2.0,1.0,68.0,75.0
822,474266479.0493322,900000000.0,0.473037245500742,2.0,1.0,108.0,46.0
824,472336024.9818228,390000000.0,0.21111801277390457,2.0,1.0,106.0,48.0
825,461134978.4844871,375000000.0,0.22969327595863231,2.0,1.0,79.0,45.0
826,471934303.9564272,390000000.0,0.2100879588626339,2.0,1.0,105.0,48.0
828,470666877.8943938,399000000.0,0.17961623532429524,2.0,1.0,83.0,45.0
829,471934303.9564272,390000000.0,0.2100879588626339,2.0,1.0,105.0,48.0
830,471934303.9564272,391000000.0,0.2069931047478957,2.0,1.0,45.0,89.0
831,471934303.9564272,390000000.0,0.2100879588626339,2.0,1.0,45.0,90.0
832,0.0,1840000000.0,1.0,3.0,3.0,150.0,110.0
833,470666877.8943938,400000000.0,0.1766671947359845,2.0,1.0,91.0,45.0
834,1177037849.5771656,500000000.0,1.3540756991543312,3.0,1.0,112.0,60.0
835,390000001.5297602,321000000.0,0.21495327579364543,2.0,1.0,75.0,36.0
836,0.0,800000000.0,1.0,3.0,3.0,80.0,120.0
837,1179549807.435158,2200000000.0,0.4638409966203827,3.0,2.0,120.0,100.0
838,1076225423.269585,525000000.0,1.0499531871801617,3.0,1.0,112.0,75.0
839,470666877.8943938,390000000.0,0.20683814844716358,2.0,1.0,91.0,45.0
841,390000010.178683,598000000.0,0.34782606993531273,2.0,1.0,89.0,40.0
842,472336024.9818228,390000000.0,0.21111801277390457,2.0,1.0,106.0,48.0
843,472336024.9818228,380000000.0,0.24298953942584944,2.0,1.0,105.0,36.0
844,472336024.9818228,390000000.0,0.21111801277390457,2.0,1.0,106.0,48.0
845,1331000000.0003269,190000000.0,6.005263157896457,3.0,2.0,105.0,45.0
846,471934303.9564272,390000000.0,0.2100879588626339,2.0,1.0,105.0,48.0
847,470666877.8943938,390000000.0,0.20683814844716358,2.0,1.0,90.0,45.0
848,470664520.4667911,335000000.0,0.4049687178113167,2.0,1.0,82.0,46.0
850,0.0,700000000.0,1.0,4.0,3.0,142.0,120.0
851,1105019750.0814297,550000000.0,1.0091268183298723,3.0,1.0,100.0,65.0
852,1276849424.0512424,715000000.0,0.7858033902814578,3.0,2.0,92.0,55.0
853,1322031500.7620966,715000000.0,0.8489951059609743,3.0,2.0,92.0,52.0
855,470666877.8943938,390000000.0,0.20683814844716358,2.0,1.0,91.0,45.0
856,470666877.8943938,385000000.0,0.2225113711542696,2.0,1.0,91.0,45.0
857,470666877.8943938,392000000.0,0.20068081095508622,2.0,1.0,119.0,40.0
858,470666877.8943938,387000000.0,0.21619348293125012,2.0,1.0,119.0,40.0
862,470666877.8943938,387000000.0,0.21619348293125012,2.0,1.0,45.0,90.0
865,468422930.25489503,385000000.0,0.2166829357270001,2.0,1.0,45.0,91.0
866,468422930.25489503,390000000.0,0.2010844365510129,2.0,1.0,45.0,90.0
867,468422930.25489503,320000000.0,0.463821657046547,2.0,1.0,66.0,50.0
868,468422930.25489503,320000000.0,0.463821657046547,2.0,1.0,66.0,50.0
869,468422930.25489503,1380000000.0,0.660563094018192,3.0,3.0,95.0,100.0
870,468422930.25489503,700000000.0,0.33082438535014996,2.0,2.0,67.0,40.0
871,472336024.9818228,395000000.0,0.19578740501727288,2.0,1.0,106.0,48.0
873,390000001.5297602,299000000.0,0.3043478312032113,2.0,1.0,75.0,40.0
875,0.0,450000000.0,1.0,2.0,1.0,127.0,113.0
876,1102611182.4747427,835000000.0,0.3204924341014882,3.0,2.0,102.0,65.0
880,0.0,807000000.0,1.0,2.0,3.0,57.0,100.0
881,1177037849.5771656,850000000.0,0.3847504112672537,3.0,2.0,115.0,60.0
882,1303724164.3713634,1950000000.0,0.33142350545058286,3.0,2.0,137.0,120.0
883,0.0,450000000.0,1.0,2.0,1.0,82.0,80.0
884,0.0,1240000000.0,1.0,4.0,3.0,99.0,105.0
886,472914891.87194943,785000000.0,0.3975606472968797,2.0,1.0,72.0,52.0
887,1204714112.8125198,550000000.0,1.1903892960227633,3.0,2.0,95.0,65.0
888,1330999999.999822,1850000000.0,0.2805405405406368,3.0,2.0,100.0,130.0
889,1323683085.0251455,690000000.0,0.9183812826451384,3.0,1.0,90.0,60.0
891,390000001.55798477,303000000.0,0.28712871801315104,2.0,1.0,76.0,36.0
892,390000001.45908326,305000000.0,0.2786885293740435,2.0,1.0,66.0,36.0
893,390000001.45908326,305000000.0,0.2786885293740435,2.0,1.0,66.0,36.0
894,1148745799.4280176,580000000.0,0.9805962059103752,3.0,2.0,126.0,75.0
897,470666877.8943938,390000000.0,0.20683814844716358,2.0,1.0,91.0,45.0
898,390000001.45908326,285000000.0,0.36842105775116935,2.0,1.0,66.0,36.0
899,390000001.45908326,285000000.0,0.36842105775116935,2.0,1.0,66.0,36.0
900,1177037849.5771656,550000000.0,1.1400688174130285,3.0,2.0,107.0,60.0
906,470666877.8943938,389000000.0,0.2099405601398298,2.0,1.0,45.0,90.0
907,471934303.9564272,390000000.0,0.2100879588626339,2.0,1.0,105.0,48.0
908,470666877.8943938,390000000.0,0.20683814844716358,2.0,1.0,90.0,45.0
915,390000001.5582394,170000000.0,1.2941176562249377,2.0,1.0,60.0,30.0
917,1331000000.0005422,1100000000.0,0.21000000000049288,3.0,2.0,157.0,85.0
920,454945399.6410953,380000000.0,0.19722473589761916,2.0,1.0,77.0,45.0
923,470790532.52864426,625000000.0,0.24673514795416918,2.0,2.0,80.0,60.0
924,1102611182.4747427,835000000.0,0.3204924341014882,3.0,2.0,102.0,65.0
925,1203195185.2099936,925000000.0,0.30075155157837147,3.0,2.0,135.0,87.0
926,458269949.26242065,597000000.0,0.2323786444515567,2.0,1.0,78.0,45.0
927,472336024.9818228,390000000.0,0.21111801277390457,2.0,1.0,106.0,48.0
928,470666877.8943938,390000000.0,0.20683814844716358,2.0,1.0,91.0,45.0
929,470666877.8943938,390000000.0,0.20683814844716358,2.0,1.0,45.0,90.0
930,470666877.8943938,389000000.0,0.2099405601398298,2.0,1.0,45.0,90.0
932,470666877.8943938,390000000.0,0.20683814844716358,2.0,1.0,90.0,45.0
933,470666877.8943938,579000000.0,0.18710383783351675,2.0,1.0,110.0,50.0
934,470666877.8943938,579000000.0,0.18710383783351675,2.0,1.0,110.0,50.0
936,470666877.8943938,579000000.0,0.18710383783351675,2.0,1.0,110.0,50.0
940,0.0,425000000.0,1.0,2.0,1.0,136.0,36.0
941,0.0,425000000.0,1.0,2.0,1.0,136.0,36.0
942,0.0,425000000.0,1.0,2.0,1.0,136.0,36.0
944,390000001.55798477,250000000.0,0.5600000062319391,2.0,1.0,76.0,36.0
945,0.0,725000000.0,1.0,3.0,2.0,72.0,130.0
946,1190489825.2380502,2250000000.0,0.470893411005311,3.0,1.0,133.0,95.0
947,0.0,475000000.0,1.0,2.0,1.0,97.0,40.0
948,1148745799.4280176,900000000.0,0.27638422158668624,3.0,2.0,126.0,90.0
950,390000001.461875,299000000.0,0.30434783097617063,2.0,1.0,72.0,36.0
951,0.0,280000000.0,1.0,2.0,1.0,132.0,36.0
952,1331000000.0005422,2500000000.0,0.46759999999978313,3.0,2.0,163.0,130.0
953,1331000000.0005422,320000000.0,3.1593750000016945,2.0,1.0,66.0,50.0
954,390000001.5582394,170000000.0,1.2941176562249377,2.0,1.0,60.0,30.0
955,390000001.5582394,166000000.0,1.3493975997484302,2.0,1.0,60.0,30.0
957,467341079.53384835,400000000.0,0.16835269883462087,2.0,1.0,90.0,50.0
958,1105019750.0814297,550000000.0,1.0091268183298723,3.0,1.0,100.0,70.0
959,0.0,400000000.0,1.0,1.0,1.0,91.0,45.0
960,0.0,386000000.0,1.0,2.0,1.0,45.0,90.0
961,471130443.2953492,650000000.0,0.2751839333917705,2.0,1.0,97.0,65.0
962,1330799544.7469306,950000000.0,0.40084162604940066,3.0,2.0,88.0,90.0
963,1330799544.7469306,385000000.0,2.456622194147872,2.0,1.0,45.0,91.0
964,472336024.9818228,399000000.0,0.18379956135795186,2.0,1.0,106.0,48.0
966,470666877.8943938,390000000.0,0.20683814844716358,2.0,1.0,90.0,45.0
967,470666877.8943938,1190000000.0,0.6044816152147952,4.0,3.0,99.0,105.0
968,467341079.53384835,400000000.0,0.16835269883462087,2.0,1.0,90.0,50.0
969,467341079.53384835,920000000.0,0.4920205657240779,3.0,3.0,103.0,118.0
970,390000001.5198505,299000000.0,0.30434783117006853,2.0,1.0,60.0,36.0
971,390000001.5198505,299000000.0,0.30434783117006853,2.0,1.0,60.0,36.0
974,876863812.3502595,445000000.0,0.9704804771915945,3.0,2.0,83.0,50.0
975,390000001.45908326,285000000.0,0.36842105775116935,2.0,1.0,66.0,36.0
976,876863812.3502595,445000000.0,0.9704804771915945,3.0,2.0,83.0,50.0
978,1102611182.4747427,835000000.0,0.3204924341014882,3.0,2.0,102.0,65.0
979,390000001.5198505,299000000.0,0.30434783117006853,2.0,1.0,60.0,36.0
980,390000001.5198505,299000000.0,0.30434783117006853,2.0,1.0,60.0,36.0
982,470854363.4936344,650000000.0,0.27560867154825475,2.0,2.0,79.0,60.0
983,470854363.4936344,1290000000.0,0.634996617446795,4.0,3.0,99.0,105.0
984,0.0,1200000000.0,1.0,2.0,1.0,153.0,57.0
985,1264901164.1407573,1500000000.0,0.1567325572394951,3.0,2.0,144.0,85.0
986,390000001.9597517,475000000.0,0.17894736429525954,2.0,1.0,82.0,36.0
987,0.0,1050000000.0,1.0,2.0,1.0,132.0,68.0
988,390000001.5582394,166000000.0,1.3493975997484302,2.0,1.0,60.0,30.0
989,390000002.7325761,322000000.0,0.21118013270986358,2.0,1.0,85.0,36.0
990,1105620825.5418139,1700000000.0,0.3496348085048154,3.0,2.0,118.0,70.0
991,0.0,1450000000.0,1.0,3.0,3.0,136.0,110.0
992,1330999999.999866,900000000.0,0.47888888888874,3.0,2.0,81.0,80.0
993,471350966.6276087,950000000.0,0.5038410877604119,2.0,2.0,75.0,85.0
994,1329211401.2880201,950000000.0,0.3991698960926528,3.0,2.0,117.0,125.0
995,390000001.5582394,270000000.0,0.4444444502157015,2.0,1.0,60.0,30.0
996,390000001.5582394,270000000.0,0.4444444502157015,2.0,1.0,60.0,30.0
998,1105620825.5418139,1700000000.0,0.3496348085048154,3.0,2.0,118.0,70.0
999,1177037849.5771656,665000000.0,0.7699817286874671,3.0,1.0,97.0,60.0
1002,1152696974.7608092,454000000.0,1.5389801206185225,2.0,1.0,120.0,40.0
1003,470925843.42346305,675000000.0,0.30233208381709176,2.0,2.0,99.0,99.0
1004,1330999999.9998665,696000000.0,0.9123563218388886,3.0,2.0,103.0,48.0
1005,1330999999.9998665,920000000.0,0.4467391304346375,3.0,3.0,107.0,121.0
1006,1238721140.3669376,975000000.0,0.2704832208891668,3.0,2.0,124.0,110.0
1007,0.0,925000000.0,1.0,2.0,1.0,115.0,95.0
1008,1251840694.8237429,525000000.0,1.3844584663309387,3.0,1.0,93.0,60.0
1009,0.0,300000000.0,1.0,2.0,1.0,160.0,90.0
1010,0.0,475000000.0,1.0,3.0,2.0,48.0,96.0
1012,467341079.53384835,400000000.0,0.16835269883462087,2.0,1.0,90.0,50.0
1013,467341079.53384835,400000000.0,0.16835269883462087,2.0,1.0,90.0,50.0
1017,390000001.98321795,188000000.0,1.0744680956554147,1.0,1.0,60.0,22.0
1018,390000001.55798477,323000000.0,0.2074303453807578,2.0,1.0,76.0,36.0
1019,390000001.55798477,323000000.0,0.2074303453807578,2.0,1.0,76.0,36.0
1021,390000001.461875,299000000.0,0.30434783097617063,2.0,1.0,72.0,36.0
1022,390000001.461875,299000000.0,0.30434783097617063,2.0,1.0,72.0,36.0
1023,390000001.5582394,170000000.0,1.2941176562249377,2.0,1.0,60.0,30.0
1024,390000001.5582394,170000000.0,1.2941176562249377,2.0,1.0,60.0,30.0
1027,470666877.8943938,1290000000.0,0.635141955120625,4.0,3.0,99.0,105.0
1031,470666877.8943938,400000000.0,0.1766671947359845,2.0,1.0,91.0,45.0
1032,470666877.8943938,390000000.0,0.20683814844716358,2.0,1.0,90.0,45.0
1033,471934303.9564272,390000000.0,0.2100879588626339,2.0,1.0,105.0,48.0
1035,471934303.9564272,390000000.0,0.2100879588626339,2.0,1.0,105.0,48.0
1037,1090583743.67541,850000000.0,0.2830396984416589,3.0,2.0,115.0,70.0
1038,0.0,589000000.0,1.0,2.0,1.0,90.0,90.0
1039,446380847.90482485,325000000.0,0.3734795320148457,2.0,1.0,75.0,45.0
1040,1208180045.1898134,1850000000.0,0.3469297053028036,3.0,2.0,116.0,105.0
1041,390000010.178683,598000000.0,0.34782606993531273,2.0,1.0,89.0,40.0
1042,458269949.26242065,580000000.0,0.20987939782341267,2.0,1.0,78.0,45.0
1043,0.0,460000000.0,1.0,3.0,1.0,80.0,50.0
1044,0.0,392000000.0,1.0,2.0,1.0,119.0,40.0
1045,0.0,388000000.0,1.0,2.0,1.0,119.0,40.0
1046,0.0,451000000.0,1.0,2.0,1.0,153.0,40.0
1047,0.0,454000000.0,1.0,2.0,1.0,153.0,40.0
1048,470666877.8943938,400000000.0,0.1766671947359845,2.0,1.0,91.0,45.0
1049,390000001.45908326,300000000.0,0.30000000486361084,2.0,1.0,66.0,36.0
1050,1266543357.7992923,510000000.0,1.4834183486260635,3.0,1.0,96.0,55.0
1051,0.0,1220000000.0,1.0,3.0,3.0,102.0,112.0
1052,0.0,450000000.0,1.0,2.0,1.0,97.0,40.0
1053,0.0,385000000.0,1.0,2.0,1.0,45.0,91.0
1054,0.0,390000000.0,1.0,2.0,1.0,45.0,90.0
1055,390000001.50828815,298000000.0,0.3087248372761347,2.0,1.0,61.0,40.0
1057,0.0,390000000.0,1.0,2.0,1.0,48.0,90.0
1058,0.0,450000000.0,1.0,2.0,1.0,45.0,91.0
1059,0.0,1290000000.0,1.0,4.0,3.0,99.0,105.0
1060,0.0,1290000000.0,1.0,4.0,3.0,99.0,105.0
1061,0.0,1270000000.0,1.0,3.0,3.0,91.0,100.0
1066,390000001.8171387,551000000.0,0.2921960039616358,2.0,1.0,153.0,40.0
1067,390000001.7048544,470000000.0,0.17021276233009697,2.0,1.0,80.0,40.0
1068,390000001.45908326,270000000.0,0.4444444498484565,2.0,1.0,66.0,36.0
1069,1102611182.4747427,650000000.0,0.6963248961149887,3.0,2.0,116.0,65.0
1070,1102611182.4747427,450000000.0,1.4502470721660947,2.0,1.0,45.0,91.0
1073,390000001.5582394,170000000.0,1.2941176562249377,2.0,1.0,60.0,30.0
1075,454945399.6410953,388000000.0,0.1725396897966373,2.0,1.0,45.0,91.0
1077,454945399.6410953,250000000.0,0.8197815985643812,2.0,1.0,97.0,36.0
1078,390000001.45908326,299000000.0,0.30434783096683365,2.0,1.0,66.0,36.0
1079,470666877.8943938,390000000.0,0.20683814844716358,2.0,1.0,90.0,45.0
1080,470504914.8013758,564000000.0,0.1657714276571351,3.0,2.0,74.0,48.0
1082,470504914.8013758,564000000.0,0.1657714276571351,3.0,2.0,74.0,48.0
1084,0.0,350000000.0,1.0,2.0,1.0,112.0,45.0
1085,454945399.6410953,380000000.0,0.19722473589761916,2.0,1.0,77.0,45.0
1086,454945399.6410953,1290000000.0,0.6473291475650425,4.0,3.0,99.0,105.0
1087,0.0,900000000.0,1.0,3.0,2.0,80.0,75.0
1089,0.0,750000000.0,1.0,4.0,2.0,85.0,85.0
1090,0.0,380000000.0,1.0,2.0,1.0,96.0,36.0
1093,472336024.9818228,390000000.0,0.21111801277390457,2.0,1.0,106.0,48.0
1094,469835700.7881397,392000000.0,0.19856046119423393,2.0,1.0,85.0,48.0
1096,454945399.6410953,950000000.0,0.5211101056409523,2.0,1.0,115.0,80.0
1097,0.0,750000000.0,1.0,4.0,2.0,76.0,60.0
1098,390000001.45908326,335000000.0,0.16417910883308434,2.0,1.0,66.0,40.0
1099,390000001.45908326,235000000.0,0.6595744742939713,2.0,1.0,60.0,50.0
1100,390000001.5297602,299000000.0,0.3043478312032113,2.0,1.0,75.0,40.0
1101,454945399.6410953,380000000.0,0.19722473589761916,2.0,1.0,77.0,45.0
1102,390000001.5582394,166000000.0,1.3493975997484302,2.0,1.0,60.0,30.0
1105,471661649.0820805,750000000.0,0.3711178012238927,2.0,1.0,104.0,55.0
1106,1331000000.0005422,2500000000.0,0.46759999999978313,3.0,2.0,163.0,130.0
1107,1177037849.5771656,665000000.0,0.7699817286874671,3.0,1.0,97.0,60.0
1108,1177037849.5771656,920000000.0,0.27938896693170173,3.0,3.0,107.0,121.0
1109,1177037849.5771656,380000000.0,2.0974680252030673,2.0,1.0,132.0,36.0
1110,466351916.4937468,399000000.0,0.16880179572367623,2.0,1.0,81.0,45.0
1111,0.0,336000000.0,1.0,3.0,1.0,80.0,45.0
1112,390000001.5582394,230000000.0,0.6956521806879974,2.0,1.0,63.0,30.0
1113,390000001.5582394,270000000.0,0.4444444502157015,2.0,1.0,63.0,30.0
1114,390000001.5582394,300000000.0,0.30000000519413134,2.0,1.0,60.0,30.0
1115,470666877.8943938,395000000.0,0.19156171618833873,2.0,1.0,90.0,45.0
1116,0.0,1500000000.0,1.0,3.0,3.0,105.0,112.0
1117,0.0,1300000000.0,1.0,3.0,3.0,112.0,103.0
1118,1329211401.2880201,450000000.0,1.953803113973378,3.0,2.0,145.0,125.0
1119,1329211401.2880201,680000000.0,0.9547226489529708,4.0,2.0,108.0,100.0
1120,470666877.8943938,390000000.0,0.20683814844716358,2.0,1.0,91.0,45.0
1122,470666877.8943938,350000000.0,0.34476250826969657,2.0,1.0,86.0,45.0
1123,0.0,950000000.0,1.0,2.0,2.0,124.0,120.0
1124,471195497.53564024,695000000.0,0.3220208668551939,2.0,1.0,101.0,52.0
1125,470666877.8943938,265000000.0,0.7761014260165804,2.0,1.0,90.0,45.0
1126,1238721140.3669376,700000000.0,0.7696016290956252,3.0,1.0,99.0,110.0
1127,470807977.89171517,650000000.0,0.2756800340127459,2.0,2.0,98.0,65.0
1129,471350966.6276087,365000000.0,0.29137251130851705,2.0,2.0,75.0,65.0
1131,471100020.5871202,1300000000.0,0.6376153687791384,2.0,1.0,100.0,57.0
1132,390000001.5582394,270000000.0,0.4444444502157015,2.0,1.0,60.0,30.0
1133,390000001.45908326,270000000.0,0.4444444498484565,2.0,1.0,66.0,36.0
1134,470666877.8943938,650000000.0,0.27589711093170183,2.0,1.0,96.0,45.0
1135,470666877.8943938,770000000.0,0.38874431442286517,2.0,1.0,78.0,78.0
1136,390000001.5198505,285000000.0,0.3684210579643877,2.0,1.0,60.0,36.0
1138,0.0,645000000.0,1.0,2.0,1.0,117.0,60.0
1139,1330999999.999822,1850000000.0,0.2805405405406368,3.0,2.0,100.0,130.0
1140,1204714112.8125198,525000000.0,1.2946935482143234,3.0,2.0,95.0,60.0
